{"cameraMode":{"drawMode":0,"name":"Shaded","section":"Shading Mode"},"sceneLighting":false,"audioPlay":false,"sceneViewState":{"showFog":false,"showMaterialUpdate":false,"showSkybox":true,"showFlares":true,"showImageEffects":true,"showParticleSystems":true,"showVisualEffectGraphs":true,"m_FxEnabled":true},"in2DMode":false,"pivot":{"x":-198.16873168945313,"y":14.575048446655274,"z":-238.51344299316407},"rotation":{"x":-0.32122281193733218,"y":-0.04036542773246765,"z":0.01378332357853651,"w":-0.9461125135421753},"size":16.208240509033204,"orthographic":false}