{"cameraMode":{"drawMode":0,"name":"Shaded","section":"Shading Mode"},"sceneLighting":false,"audioPlay":false,"sceneViewState":{"showFog":true,"showMaterialUpdate":false,"showSkybox":false,"showFlares":true,"showImageEffects":true,"showParticleSystems":true,"showVisualEffectGraphs":true,"m_FxEnabled":true},"in2DMode":false,"pivot":{"x":-6.663409233093262,"y":0.13086938858032227,"z":4.461970329284668},"rotation":{"x":-0.5335476398468018,"y":0.006848035845905542,"z":-0.0043202778324484829,"w":-0.8457323908805847},"size":6.928203105926514,"orthographic":false}